"DEBT","ID","NAME"
"0","1638775662985","Ivanova"
"0","1638775888463","Ivanova"
"0","1638776030704","Ivanova"
"0","1638776653701","Ivanova"
"0","1638776814064","Ivanova"
"0","1638776850651","Ivanova"
"0","1639044968261","sidorova"
"0","1639046051526","sidorova"
"0","1639046648818","sidorova"
"0","1639046966134","sidorova"
"0","1639073081606","NewParent"
"0","1639073331116","NewParent"
"0","1639073475021","NewParent"
"0","1639073541859","NewParent"
"50","1639073608277","NewParent"
"30","1639073688649","someone"
